{"cameraMode":{"drawMode":0,"name":"Shaded","section":"Shading Mode"},"sceneLighting":true,"audioPlay":false,"sceneViewState":{"m_AlwaysRefresh":false,"showFog":true,"showSkybox":true,"showFlares":true,"showImageEffects":true,"showParticleSystems":true,"showVisualEffectGraphs":true,"m_FxEnabled":true},"in2DMode":false,"pivot":{"x":9.846599578857422,"y":-0.9600000381469727,"z":145.60000610351563},"rotation":{"x":-0.3388131856918335,"y":0.03550053760409355,"z":-0.012941654771566391,"w":-0.9401493072509766},"size":8.299001693725586,"orthographic":false}