{"cameraMode":{"drawMode":0,"name":"Shaded","section":"Shading Mode"},"sceneLighting":false,"audioPlay":false,"sceneViewState":{"m_AlwaysRefresh":false,"showFog":true,"showSkybox":false,"showFlares":true,"showImageEffects":true,"showParticleSystems":true,"showVisualEffectGraphs":true,"m_FxEnabled":true},"in2DMode":false,"pivot":{"x":-0.7537053823471069,"y":0.09241817146539688,"z":-0.8628178238868713},"rotation":{"x":-0.023725926876068116,"y":0.9466825723648071,"z":-0.07171496003866196,"w":-0.31319400668144228},"size":3.6112325191497804,"orthographic":false}