{"cameraMode":{"drawMode":0,"name":"Shaded","section":"Shading Mode"},"sceneLighting":false,"audioPlay":false,"sceneViewState":{"m_AlwaysRefresh":false,"showFog":true,"showSkybox":false,"showFlares":true,"showImageEffects":true,"showParticleSystems":true,"showVisualEffectGraphs":true,"m_FxEnabled":true},"in2DMode":false,"pivot":{"x":-0.007122288458049297,"y":0.07757490873336792,"z":-0.04586641862988472},"rotation":{"x":0.003047557082027197,"y":0.9950430989265442,"z":-0.09402112662792206,"w":0.03225203976035118},"size":1.934530258178711,"orthographic":false}