{"cameraMode":{"drawMode":0,"name":"Shaded","section":"Shading Mode"},"sceneLighting":true,"audioPlay":false,"sceneViewState":{"m_AlwaysRefresh":false,"showFog":true,"showSkybox":true,"showFlares":true,"showImageEffects":true,"showParticleSystems":true,"showVisualEffectGraphs":true,"m_FxEnabled":true},"in2DMode":false,"pivot":{"x":9.015951156616211,"y":-93.98428344726563,"z":212.81224060058595},"rotation":{"x":0.22865985333919526,"y":-0.00906178168952465,"z":0.002114688279107213,"w":0.9734708070755005},"size":122.11422729492188,"orthographic":false}